{
  "Ansi 5 Color" : {
    "Red Component" : 0.73333333333333328,
    "Color Space" : "P3",
    "Blue Component" : 0.92941176470588238,
    "Alpha Component" : 1,
    "Green Component" : 0.64313725490196083
  },
  "Working Directory" : "",
  "Prompt Before Closing 2" : false,
  "Selected Text Color" : {
    "Red Component" : 0.062745098039215672,
    "Color Space" : "P3",
    "Blue Component" : 0.066666666666666666,
    "Alpha Component" : 1,
    "Green Component" : 0.062745098039215672
  },
  "Rows" : 50,
  "Ansi 11 Color" : {
    "Green Component" : 0.82281720845913986,
    "Red Component" : 1,
    "Blue Component" : 0.25792301594327316
  },
  "Use Italic Font" : false,
  "Foreground Color" : {
    "Green Component" : 0.98048108816146851,
    "Red Component" : 1,
    "Blue Component" : 0.95548701286315918
  },
  "Use Custom Window Title" : false,
  "Right Option Key Sends" : 0,
  "Character Encoding" : 4,
  "Selection Color" : {
    "Red Component" : 0.97647058823529409,
    "Color Space" : "P3",
    "Blue Component" : 0.41568627450980394,
    "Alpha Component" : 1,
    "Green Component" : 0.85098039215686272
  },
  "Blend" : 0,
  "Mouse Reporting" : true,
  "Cursor Boost" : 0,
  "Ansi 4 Color" : {
    "Red Component" : 0.45490196078431372,
    "Color Space" : "P3",
    "Blue Component" : 0.99607843137254903,
    "Alpha Component" : 1,
    "Green Component" : 0.73725490196078436
  },
  "Non-ASCII Anti Aliased" : true,
  "Sync Title" : false,
  "Disable Window Resizing" : true,
  "Description" : "Default",
  "Close Sessions On End" : true,
  "Jobs to Ignore" : [
    "rlogin",
    "ssh",
    "slogin",
    "telnet"
  ],
  "Scrollback Lines" : 0,
  "Draw Powerline Glyphs" : false,
  "Flashing Bell" : false,
  "Cursor Guide Color" : {
    "Red Component" : 0.7486259937286377,
    "Color Space" : "P3",
    "Blue Component" : 0.99125725030899048,
    "Alpha Component" : 0.25,
    "Green Component" : 0.92047786712646484
  },
  "BM Growl" : true,
  "Ansi 3 Color" : {
    "Red Component" : 0.97647058823529409,
    "Color Space" : "P3",
    "Blue Component" : 0.41568627450980394,
    "Alpha Component" : 1,
    "Green Component" : 0.85098039215686272
  },
  "Use Non-ASCII Font" : false,
  "Link Color" : {
    "Red Component" : 0.1451396644115448,
    "Color Space" : "P3",
    "Blue Component" : 0.70932406187057495,
    "Alpha Component" : 1,
    "Green Component" : 0.35333043336868286
  },
  "Use Custom Tab Title" : false,
  "Shortcut" : "",
  "Background Image Location" : "",
  "Bold Color" : {
    "Green Component" : 0.6100342869758606,
    "Red Component" : 0.61956524848937988,
    "Blue Component" : 0.60246169567108154
  },
  "Use Cursor Guide" : false,
  "Unlimited Scrollback" : true,
  "Custom Command" : "Yes",
  "Title Components" : 34,
  "Keyboard Map" : {
    "0xf700-0x260000" : {
      "Action" : 10,
      "Text" : "[1;6A"
    },
    "0x37-0x40000" : {
      "Action" : 11,
      "Text" : "0x1f"
    },
    "0x32-0x40000" : {
      "Action" : 11,
      "Text" : "0x00"
    },
    "0xf709-0x20000" : {
      "Action" : 10,
      "Text" : "[17;2~"
    },
    "0xf70c-0x20000" : {
      "Action" : 10,
      "Text" : "[20;2~"
    },
    "0xf729-0x20000" : {
      "Action" : 10,
      "Text" : "[1;2H"
    },
    "0xf72b-0x40000" : {
      "Action" : 10,
      "Text" : "[1;5F"
    },
    "0xf705-0x20000" : {
      "Action" : 10,
      "Text" : "[1;2Q"
    },
    "0xf703-0x260000" : {
      "Action" : 10,
      "Text" : "[1;6C"
    },
    "0xf700-0x220000" : {
      "Action" : 10,
      "Text" : "[1;2A"
    },
    "0xf701-0x280000" : {
      "Action" : 11,
      "Text" : "0x1b 0x1b 0x5b 0x42"
    },
    "0x38-0x40000" : {
      "Action" : 11,
      "Text" : "0x7f"
    },
    "0x33-0x40000" : {
      "Action" : 11,
      "Text" : "0x1b"
    },
    "0xf703-0x220000" : {
      "Action" : 10,
      "Text" : "[1;2C"
    },
    "0xf701-0x240000" : {
      "Action" : 10,
      "Text" : "[1;5B"
    },
    "0xf70d-0x20000" : {
      "Action" : 10,
      "Text" : "[21;2~"
    },
    "0xf702-0x260000" : {
      "Action" : 10,
      "Text" : "[1;6D"
    },
    "0xf729-0x40000" : {
      "Action" : 10,
      "Text" : "[1;5H"
    },
    "0xf706-0x20000" : {
      "Action" : 10,
      "Text" : "[1;2R"
    },
    "0x34-0x40000" : {
      "Action" : 11,
      "Text" : "0x1c"
    },
    "0xf700-0x280000" : {
      "Action" : 11,
      "Text" : "0x1b 0x1b 0x5b 0x41"
    },
    "0x2d-0x40000" : {
      "Action" : 11,
      "Text" : "0x1f"
    },
    "0xf70e-0x20000" : {
      "Action" : 10,
      "Text" : "[23;2~"
    },
    "0xf702-0x220000" : {
      "Action" : 10,
      "Text" : "[1;2D"
    },
    "0xf703-0x280000" : {
      "Action" : 11,
      "Text" : "0x1b 0x1b 0x5b 0x43"
    },
    "0xf700-0x240000" : {
      "Action" : 10,
      "Text" : "[1;5A"
    },
    "0xf707-0x20000" : {
      "Action" : 10,
      "Text" : "[1;2S"
    },
    "0xf70a-0x20000" : {
      "Action" : 10,
      "Text" : "[18;2~"
    },
    "0x35-0x40000" : {
      "Action" : 11,
      "Text" : "0x1d"
    },
    "0xf70f-0x20000" : {
      "Action" : 10,
      "Text" : "[24;2~"
    },
    "0xf703-0x240000" : {
      "Action" : 10,
      "Text" : "[1;5C"
    },
    "0xf701-0x260000" : {
      "Action" : 10,
      "Text" : "[1;6B"
    },
    "0xf702-0x280000" : {
      "Action" : 11,
      "Text" : "0x1b 0x1b 0x5b 0x44"
    },
    "0xf72b-0x20000" : {
      "Action" : 10,
      "Text" : "[1;2F"
    },
    "0x36-0x40000" : {
      "Action" : 11,
      "Text" : "0x1e"
    },
    "0xf708-0x20000" : {
      "Action" : 10,
      "Text" : "[15;2~"
    },
    "0xf701-0x220000" : {
      "Action" : 10,
      "Text" : "[1;2B"
    },
    "0xf70b-0x20000" : {
      "Action" : 10,
      "Text" : "[19;2~"
    },
    "0xf702-0x240000" : {
      "Action" : 10,
      "Text" : "[1;5D"
    },
    "0xf704-0x20000" : {
      "Action" : 10,
      "Text" : "[1;2P"
    }
  },
  "Ansi 14 Color" : {
    "Green Component" : 1,
    "Red Component" : 0.4042010611351281,
    "Blue Component" : 0.94094775504779782
  },
  "Ansi 2 Color" : {
    "Red Component" : 0.55686274509803924,
    "Color Space" : "P3",
    "Blue Component" : 0.63137254901960782,
    "Alpha Component" : 1,
    "Green Component" : 0.95686274509803926
  },
  "Send Code When Idle" : false,
  "ASCII Anti Aliased" : true,
  "Tags" : [

  ],
  "Ansi 9 Color" : {
    "Red Component" : 0.92941176470588238,
    "Color Space" : "P3",
    "Blue Component" : 0.32941176470588235,
    "Alpha Component" : 1,
    "Green Component" : 0.49019607843137253
  },
  "Use Bold Font" : false,
  "Silence Bell" : false,
  "Ansi 12 Color" : {
    "Red Component" : 0.52367448806762695,
    "Color Space" : "P3",
    "Blue Component" : 0.97524970769882202,
    "Alpha Component" : 1,
    "Green Component" : 0.73378437757492065
  },
  "Window Type" : 0,
  "Use Bright Bold" : true,
  "Has Hotkey" : false,
  "Cursor Text Color" : {
    "Red Component" : 0.06274510174999999,
    "Color Space" : "P3",
    "Blue Component" : 0.066666670139999981,
    "Alpha Component" : 1,
    "Green Component" : 0.06274510174999999
  },
  "Default Bookmark" : "No",
  "Cursor Color" : {
    "Red Component" : 0.81659483909606934,
    "Color Space" : "P3",
    "Blue Component" : 0.86970627307891846,
    "Alpha Component" : 1,
    "Green Component" : 0.96793323755264282
  },
  "Ansi 1 Color" : {
    "Red Component" : 0.92941176470588238,
    "Color Space" : "P3",
    "Blue Component" : 0.32941176470588235,
    "Alpha Component" : 1,
    "Green Component" : 0.49019607843137253
  },
  "Name" : "Grey",
  "Blinking Cursor" : true,
  "Guid" : "888A6E82-35DC-422F-99B9-85C743CADD62",
  "Match Background Color" : {
    "Red Component" : 1,
    "Color Space" : "P3",
    "Blue Component" : 0,
    "Alpha Component" : 1,
    "Green Component" : 1
  },
  "Ansi 8 Color" : {
    "Green Component" : 0.26696832579185525,
    "Red Component" : 0.26696832579185525,
    "Blue Component" : 0.26696832579185525
  },